-- phpMyAdmin SQL Dump
-- version 4.9.5deb2
-- https://www.phpmyadmin.net/
--
-- Host: localhost:3306
-- Generation Time: Aug 22, 2023 at 04:48 PM
-- Server version: 8.0.34-0ubuntu0.20.04.1
-- PHP Version: 8.1.7

SET SQL_MODE = "NO_AUTO_VALUE_ON_ZERO";
SET AUTOCOMMIT = 0;
START TRANSACTION;
SET time_zone = "+00:00";


/*!40101 SET @OLD_CHARACTER_SET_CLIENT=@@CHARACTER_SET_CLIENT */;
/*!40101 SET @OLD_CHARACTER_SET_RESULTS=@@CHARACTER_SET_RESULTS */;
/*!40101 SET @OLD_COLLATION_CONNECTION=@@COLLATION_CONNECTION */;
/*!40101 SET NAMES utf8mb4 */;

--
-- Database: `db_rapot_digital`
--

-- --------------------------------------------------------

--
-- Table structure for table `tb_absensi`
--

CREATE TABLE `tb_absensi` (
  `id` int NOT NULL,
  `nis` int NOT NULL,
  `id_semester` int NOT NULL,
  `s` int NOT NULL,
  `i` int NOT NULL,
  `a` int NOT NULL
) ENGINE=InnoDB DEFAULT CHARSET=utf8mb4 COLLATE=utf8mb4_0900_ai_ci;

--
-- Dumping data for table `tb_absensi`
--

INSERT INTO `tb_absensi` (`id`, `nis`, `id_semester`, `s`, `i`, `a`) VALUES
(49, 23030001, 1, 0, 0, 0),
(50, 23030001, 2, 0, 0, 0),
(51, 23030002, 1, 0, 0, 0),
(52, 23030002, 2, 0, 0, 0),
(53, 23030003, 1, 0, 0, 0),
(54, 23030003, 2, 0, 0, 0),
(55, 23030004, 1, 0, 0, 0),
(56, 23030004, 2, 0, 0, 0),
(57, 23030005, 1, 0, 0, 0),
(58, 23030005, 2, 0, 0, 0);

-- --------------------------------------------------------

--
-- Table structure for table `tb_guru`
--

CREATE TABLE `tb_guru` (
  `nip` int NOT NULL,
  `username` varchar(255) NOT NULL,
  `password` varchar(55) NOT NULL,
  `nama_guru` varchar(255) NOT NULL
) ENGINE=InnoDB DEFAULT CHARSET=utf8mb4 COLLATE=utf8mb4_0900_ai_ci;

--
-- Dumping data for table `tb_guru`
--

INSERT INTO `tb_guru` (`nip`, `username`, `password`, `nama_guru`) VALUES
(12312312, 'tes123', '220466675e31b9d20c051d5e57974150', 'tes123'),
(66342364, 'gilang', '220466675e31b9d20c051d5e57974150', 'gilang'),
(77777777, 'ivan', '220466675e31b9d20c051d5e57974150', 'ivan'),
(12123242, 'ahmad', '25d55ad283aa400af464c76d713c07ad', 'Ahmadi'),
(43123324, 'nurul', '220466675e31b9d20c051d5e57974150', 'Nurul'),
(17090022, 'ilham', '25d55ad283aa400af464c76d713c07ad', 'ilham'),
(11223311, 'rudi', '220466675e31b9d20c051d5e57974150', 'Rudi');

-- --------------------------------------------------------

--
-- Table structure for table `tb_guru_mapel`
--

CREATE TABLE `tb_guru_mapel` (
  `id_guru_mapel` int NOT NULL,
  `nip` int NOT NULL,
  `id_mapel` int NOT NULL
) ENGINE=InnoDB DEFAULT CHARSET=utf8mb4 COLLATE=utf8mb4_0900_ai_ci;

--
-- Dumping data for table `tb_guru_mapel`
--

INSERT INTO `tb_guru_mapel` (`id_guru_mapel`, `nip`, `id_mapel`) VALUES
(21, 12123242, 2),
(22, 12123242, 3),
(23, 43123324, 1),
(26, 17090022, 8),
(27, 12312312, 6),
(30, 77777777, 4),
(31, 11223311, 11);

-- --------------------------------------------------------

--
-- Table structure for table `tb_jenis`
--

CREATE TABLE `tb_jenis` (
  `id_jenis` int NOT NULL,
  `nama_ujian` varchar(50) NOT NULL
) ENGINE=InnoDB DEFAULT CHARSET=utf8mb4 COLLATE=utf8mb4_0900_ai_ci;

--
-- Dumping data for table `tb_jenis`
--

INSERT INTO `tb_jenis` (`id_jenis`, `nama_ujian`) VALUES
(1, 'UH 1'),
(2, 'UH 2'),
(3, 'UH 3'),
(4, 'UH 4'),
(5, 'UH 5 '),
(6, 'UH 6'),
(7, 'UH 7'),
(8, 'UH 8'),
(9, 'UTS GANJIL'),
(10, 'UAS GANJIL'),
(11, 'UTS GENAP'),
(12, 'UKK');

-- --------------------------------------------------------

--
-- Table structure for table `tb_jenisupd`
--

CREATE TABLE `tb_jenisupd` (
  `id_upd` int NOT NULL,
  `nama_upd` varchar(50) NOT NULL
) ENGINE=InnoDB DEFAULT CHARSET=utf8mb4 COLLATE=utf8mb4_0900_ai_ci;

--
-- Dumping data for table `tb_jenisupd`
--

INSERT INTO `tb_jenisupd` (`id_upd`, `nama_upd`) VALUES
(1, 'Paskibra'),
(2, 'Basket'),
(3, 'Voli'),
(4, 'Android'),
(5, 'Catur');

-- --------------------------------------------------------

--
-- Table structure for table `tb_jenpel`
--

CREATE TABLE `tb_jenpel` (
  `id_jenpel` int NOT NULL,
  `jenpel` varchar(55) NOT NULL
) ENGINE=InnoDB DEFAULT CHARSET=utf8mb4 COLLATE=utf8mb4_0900_ai_ci;

--
-- Dumping data for table `tb_jenpel`
--

INSERT INTO `tb_jenpel` (`id_jenpel`, `jenpel`) VALUES
(1, 'Normatif'),
(2, 'Adaptif'),
(3, 'Produktif');

-- --------------------------------------------------------

--
-- Table structure for table `tb_kategori`
--

CREATE TABLE `tb_kategori` (
  `id_kategori` int NOT NULL,
  `nama_kategori` varchar(50) NOT NULL
) ENGINE=InnoDB DEFAULT CHARSET=utf8mb4 COLLATE=utf8mb4_0900_ai_ci;

--
-- Dumping data for table `tb_kategori`
--

INSERT INTO `tb_kategori` (`id_kategori`, `nama_kategori`) VALUES
(1, 'Pengetahuan'),
(2, 'Keterampilan');

-- --------------------------------------------------------

--
-- Table structure for table `tb_kepsek`
--

CREATE TABLE `tb_kepsek` (
  `id_kepsek` int NOT NULL,
  `username` varchar(50) NOT NULL,
  `password` varchar(50) NOT NULL,
  `nama_kepsek` varchar(50) CHARACTER SET utf8mb4 COLLATE utf8mb4_0900_ai_ci NOT NULL
) ENGINE=InnoDB DEFAULT CHARSET=utf8mb4 COLLATE=utf8mb4_0900_ai_ci;

--
-- Dumping data for table `tb_kepsek`
--

INSERT INTO `tb_kepsek` (`id_kepsek`, `username`, `password`, `nama_kepsek`) VALUES
(1, 'kepsek', '25d55ad283aa400af464c76d713c07ad', 'Handayani');

-- --------------------------------------------------------

--
-- Table structure for table `tb_mapel`
--

CREATE TABLE `tb_mapel` (
  `id_mapel` int NOT NULL,
  `mapel` varchar(50) NOT NULL,
  `id_jenpel` int NOT NULL
) ENGINE=InnoDB DEFAULT CHARSET=utf8mb4 COLLATE=utf8mb4_0900_ai_ci;

--
-- Dumping data for table `tb_mapel`
--

INSERT INTO `tb_mapel` (`id_mapel`, `mapel`, `id_jenpel`) VALUES
(1, 'Pendidikan Agama Islam', 2),
(2, 'PPKN', 1),
(3, 'B. Indonesia', 1),
(4, 'Matematika', 2),
(5, 'Kewirausahaan', 2),
(6, 'B. Inggris', 1),
(7, 'Rekayasa Perangkat Lunak', 3),
(8, 'Pemograman', 3),
(9, 'OOP', 3),
(10, 'tes', 1),
(11, 'perbankan', 3);

-- --------------------------------------------------------

--
-- Table structure for table `tb_nilai`
--

CREATE TABLE `tb_nilai` (
  `id` int NOT NULL,
  `id_mapel` int NOT NULL,
  `id_jenis` int NOT NULL,
  `id_kategori` int NOT NULL,
  `nis` int NOT NULL,
  `nilai` float NOT NULL
) ENGINE=InnoDB DEFAULT CHARSET=utf8mb4 COLLATE=utf8mb4_0900_ai_ci;

--
-- Dumping data for table `tb_nilai`
--

INSERT INTO `tb_nilai` (`id`, `id_mapel`, `id_jenis`, `id_kategori`, `nis`, `nilai`) VALUES
(1, 1, 1, 1, 23030001, 0),
(2, 1, 1, 2, 23030001, 0),
(3, 1, 2, 1, 23030001, 0),
(4, 1, 2, 2, 23030001, 0),
(5, 1, 3, 1, 23030001, 0),
(6, 1, 3, 2, 23030001, 0),
(7, 1, 4, 1, 23030001, 0),
(8, 1, 4, 2, 23030001, 0),
(9, 1, 5, 1, 23030001, 0),
(10, 1, 5, 2, 23030001, 0),
(11, 1, 6, 1, 23030001, 0),
(12, 1, 6, 2, 23030001, 0),
(13, 1, 7, 1, 23030001, 0),
(14, 1, 7, 2, 23030001, 0),
(15, 1, 8, 1, 23030001, 0),
(16, 1, 8, 2, 23030001, 0),
(17, 1, 9, 1, 23030001, 0),
(18, 1, 9, 2, 23030001, 0),
(19, 1, 10, 1, 23030001, 0),
(20, 1, 10, 2, 23030001, 0),
(21, 1, 11, 1, 23030001, 0),
(22, 1, 11, 2, 23030001, 0),
(23, 1, 12, 1, 23030001, 0),
(24, 1, 12, 2, 23030001, 0),
(25, 2, 1, 1, 23030001, 0),
(26, 2, 1, 2, 23030001, 0),
(27, 2, 2, 1, 23030001, 0),
(28, 2, 2, 2, 23030001, 0),
(29, 2, 3, 1, 23030001, 0),
(30, 2, 3, 2, 23030001, 0),
(31, 2, 4, 1, 23030001, 0),
(32, 2, 4, 2, 23030001, 0),
(33, 2, 5, 1, 23030001, 0),
(34, 2, 5, 2, 23030001, 0),
(35, 2, 6, 1, 23030001, 0),
(36, 2, 6, 2, 23030001, 0),
(37, 2, 7, 1, 23030001, 0),
(38, 2, 7, 2, 23030001, 0),
(39, 2, 8, 1, 23030001, 0),
(40, 2, 8, 2, 23030001, 0),
(41, 2, 9, 1, 23030001, 0),
(42, 2, 9, 2, 23030001, 0),
(43, 2, 10, 1, 23030001, 0),
(44, 2, 10, 2, 23030001, 0),
(45, 2, 11, 1, 23030001, 0),
(46, 2, 11, 2, 23030001, 0),
(47, 2, 12, 1, 23030001, 0),
(48, 2, 12, 2, 23030001, 0),
(49, 3, 1, 1, 23030001, 0),
(50, 3, 1, 2, 23030001, 0),
(51, 3, 2, 1, 23030001, 0),
(52, 3, 2, 2, 23030001, 0),
(53, 3, 3, 1, 23030001, 0),
(54, 3, 3, 2, 23030001, 0),
(55, 3, 4, 1, 23030001, 0),
(56, 3, 4, 2, 23030001, 0),
(57, 3, 5, 1, 23030001, 0),
(58, 3, 5, 2, 23030001, 0),
(59, 3, 6, 1, 23030001, 0),
(60, 3, 6, 2, 23030001, 0),
(61, 3, 7, 1, 23030001, 0),
(62, 3, 7, 2, 23030001, 0),
(63, 3, 8, 1, 23030001, 0),
(64, 3, 8, 2, 23030001, 0),
(65, 3, 9, 1, 23030001, 0),
(66, 3, 9, 2, 23030001, 0),
(67, 3, 10, 1, 23030001, 0),
(68, 3, 10, 2, 23030001, 0),
(69, 3, 11, 1, 23030001, 0),
(70, 3, 11, 2, 23030001, 0),
(71, 3, 12, 1, 23030001, 0),
(72, 3, 12, 2, 23030001, 0),
(73, 4, 1, 1, 23030001, 0),
(74, 4, 1, 2, 23030001, 0),
(75, 4, 2, 1, 23030001, 0),
(76, 4, 2, 2, 23030001, 0),
(77, 4, 3, 1, 23030001, 0),
(78, 4, 3, 2, 23030001, 0),
(79, 4, 4, 1, 23030001, 0),
(80, 4, 4, 2, 23030001, 0),
(81, 4, 5, 1, 23030001, 0),
(82, 4, 5, 2, 23030001, 0),
(83, 4, 6, 1, 23030001, 0),
(84, 4, 6, 2, 23030001, 0),
(85, 4, 7, 1, 23030001, 0),
(86, 4, 7, 2, 23030001, 0),
(87, 4, 8, 1, 23030001, 0),
(88, 4, 8, 2, 23030001, 0),
(89, 4, 9, 1, 23030001, 0),
(90, 4, 9, 2, 23030001, 0),
(91, 4, 10, 1, 23030001, 0),
(92, 4, 10, 2, 23030001, 0),
(93, 4, 11, 1, 23030001, 0),
(94, 4, 11, 2, 23030001, 0),
(95, 4, 12, 1, 23030001, 0),
(96, 4, 12, 2, 23030001, 0),
(97, 5, 1, 1, 23030001, 0),
(98, 5, 1, 2, 23030001, 0),
(99, 5, 2, 1, 23030001, 0),
(100, 5, 2, 2, 23030001, 0),
(101, 5, 3, 1, 23030001, 0),
(102, 5, 3, 2, 23030001, 0),
(103, 5, 4, 1, 23030001, 0),
(104, 5, 4, 2, 23030001, 0),
(105, 5, 5, 1, 23030001, 0),
(106, 5, 5, 2, 23030001, 0),
(107, 5, 6, 1, 23030001, 0),
(108, 5, 6, 2, 23030001, 0),
(109, 5, 7, 1, 23030001, 0),
(110, 5, 7, 2, 23030001, 0),
(111, 5, 8, 1, 23030001, 0),
(112, 5, 8, 2, 23030001, 0),
(113, 5, 9, 1, 23030001, 0),
(114, 5, 9, 2, 23030001, 0),
(115, 5, 10, 1, 23030001, 0),
(116, 5, 10, 2, 23030001, 0),
(117, 5, 11, 1, 23030001, 0),
(118, 5, 11, 2, 23030001, 0),
(119, 5, 12, 1, 23030001, 0),
(120, 5, 12, 2, 23030001, 0),
(121, 6, 1, 1, 23030001, 0),
(122, 6, 1, 2, 23030001, 0),
(123, 6, 2, 1, 23030001, 0),
(124, 6, 2, 2, 23030001, 0),
(125, 6, 3, 1, 23030001, 0),
(126, 6, 3, 2, 23030001, 0),
(127, 6, 4, 1, 23030001, 0),
(128, 6, 4, 2, 23030001, 0),
(129, 6, 5, 1, 23030001, 0),
(130, 6, 5, 2, 23030001, 0),
(131, 6, 6, 1, 23030001, 0),
(132, 6, 6, 2, 23030001, 0),
(133, 6, 7, 1, 23030001, 0),
(134, 6, 7, 2, 23030001, 0),
(135, 6, 8, 1, 23030001, 0),
(136, 6, 8, 2, 23030001, 0),
(137, 6, 9, 1, 23030001, 0),
(138, 6, 9, 2, 23030001, 0),
(139, 6, 10, 1, 23030001, 0),
(140, 6, 10, 2, 23030001, 0),
(141, 6, 11, 1, 23030001, 0),
(142, 6, 11, 2, 23030001, 0),
(143, 6, 12, 1, 23030001, 0),
(144, 6, 12, 2, 23030001, 0),
(145, 7, 1, 1, 23030001, 0),
(146, 7, 1, 2, 23030001, 0),
(147, 7, 2, 1, 23030001, 0),
(148, 7, 2, 2, 23030001, 0),
(149, 7, 3, 1, 23030001, 0),
(150, 7, 3, 2, 23030001, 0),
(151, 7, 4, 1, 23030001, 0),
(152, 7, 4, 2, 23030001, 0),
(153, 7, 5, 1, 23030001, 0),
(154, 7, 5, 2, 23030001, 0),
(155, 7, 6, 1, 23030001, 0),
(156, 7, 6, 2, 23030001, 0),
(157, 7, 7, 1, 23030001, 0),
(158, 7, 7, 2, 23030001, 0),
(159, 7, 8, 1, 23030001, 0),
(160, 7, 8, 2, 23030001, 0),
(161, 7, 9, 1, 23030001, 0),
(162, 7, 9, 2, 23030001, 0),
(163, 7, 10, 1, 23030001, 0),
(164, 7, 10, 2, 23030001, 0),
(165, 7, 11, 1, 23030001, 0),
(166, 7, 11, 2, 23030001, 0),
(167, 7, 12, 1, 23030001, 0),
(168, 7, 12, 2, 23030001, 0),
(169, 8, 1, 1, 23030001, 0),
(170, 8, 1, 2, 23030001, 0),
(171, 8, 2, 1, 23030001, 0),
(172, 8, 2, 2, 23030001, 0),
(173, 8, 3, 1, 23030001, 0),
(174, 8, 3, 2, 23030001, 0),
(175, 8, 4, 1, 23030001, 0),
(176, 8, 4, 2, 23030001, 0),
(177, 8, 5, 1, 23030001, 0),
(178, 8, 5, 2, 23030001, 0),
(179, 8, 6, 1, 23030001, 0),
(180, 8, 6, 2, 23030001, 0),
(181, 8, 7, 1, 23030001, 0),
(182, 8, 7, 2, 23030001, 0),
(183, 8, 8, 1, 23030001, 0),
(184, 8, 8, 2, 23030001, 0),
(185, 8, 9, 1, 23030001, 0),
(186, 8, 9, 2, 23030001, 0),
(187, 8, 10, 1, 23030001, 0),
(188, 8, 10, 2, 23030001, 0),
(189, 8, 11, 1, 23030001, 0),
(190, 8, 11, 2, 23030001, 0),
(191, 8, 12, 1, 23030001, 0),
(192, 8, 12, 2, 23030001, 0),
(193, 9, 1, 1, 23030001, 0),
(194, 9, 1, 2, 23030001, 0),
(195, 9, 2, 1, 23030001, 0),
(196, 9, 2, 2, 23030001, 0),
(197, 9, 3, 1, 23030001, 0),
(198, 9, 3, 2, 23030001, 0),
(199, 9, 4, 1, 23030001, 0),
(200, 9, 4, 2, 23030001, 0),
(201, 9, 5, 1, 23030001, 0),
(202, 9, 5, 2, 23030001, 0),
(203, 9, 6, 1, 23030001, 0),
(204, 9, 6, 2, 23030001, 0),
(205, 9, 7, 1, 23030001, 0),
(206, 9, 7, 2, 23030001, 0),
(207, 9, 8, 1, 23030001, 0),
(208, 9, 8, 2, 23030001, 0),
(209, 9, 9, 1, 23030001, 0),
(210, 9, 9, 2, 23030001, 0),
(211, 9, 10, 1, 23030001, 0),
(212, 9, 10, 2, 23030001, 0),
(213, 9, 11, 1, 23030001, 0),
(214, 9, 11, 2, 23030001, 0),
(215, 9, 12, 1, 23030001, 0),
(216, 9, 12, 2, 23030001, 0),
(217, 10, 1, 1, 23030001, 0),
(218, 10, 1, 2, 23030001, 0),
(219, 10, 2, 1, 23030001, 0),
(220, 10, 2, 2, 23030001, 0),
(221, 10, 3, 1, 23030001, 0),
(222, 10, 3, 2, 23030001, 0),
(223, 10, 4, 1, 23030001, 0),
(224, 10, 4, 2, 23030001, 0),
(225, 10, 5, 1, 23030001, 0),
(226, 10, 5, 2, 23030001, 0),
(227, 10, 6, 1, 23030001, 0),
(228, 10, 6, 2, 23030001, 0),
(229, 10, 7, 1, 23030001, 0),
(230, 10, 7, 2, 23030001, 0),
(231, 10, 8, 1, 23030001, 0),
(232, 10, 8, 2, 23030001, 0),
(233, 10, 9, 1, 23030001, 0),
(234, 10, 9, 2, 23030001, 0),
(235, 10, 10, 1, 23030001, 0),
(236, 10, 10, 2, 23030001, 0),
(237, 10, 11, 1, 23030001, 0),
(238, 10, 11, 2, 23030001, 0),
(239, 10, 12, 1, 23030001, 0),
(240, 10, 12, 2, 23030001, 0),
(241, 11, 1, 1, 23030001, 0),
(242, 11, 1, 2, 23030001, 0),
(243, 11, 2, 1, 23030001, 0),
(244, 11, 2, 2, 23030001, 0),
(245, 11, 3, 1, 23030001, 0),
(246, 11, 3, 2, 23030001, 0),
(247, 11, 4, 1, 23030001, 0),
(248, 11, 4, 2, 23030001, 0),
(249, 11, 5, 1, 23030001, 0),
(250, 11, 5, 2, 23030001, 0),
(251, 11, 6, 1, 23030001, 0),
(252, 11, 6, 2, 23030001, 0),
(253, 11, 7, 1, 23030001, 0),
(254, 11, 7, 2, 23030001, 0),
(255, 11, 8, 1, 23030001, 0),
(256, 11, 8, 2, 23030001, 0),
(257, 11, 9, 1, 23030001, 0),
(258, 11, 9, 2, 23030001, 0),
(259, 11, 10, 1, 23030001, 0),
(260, 11, 10, 2, 23030001, 0),
(261, 11, 11, 1, 23030001, 0),
(262, 11, 11, 2, 23030001, 0),
(263, 11, 12, 1, 23030001, 0),
(264, 11, 12, 2, 23030001, 0),
(265, 1, 1, 1, 23030002, 0),
(266, 1, 1, 2, 23030002, 0),
(267, 1, 2, 1, 23030002, 0),
(268, 1, 2, 2, 23030002, 0),
(269, 1, 3, 1, 23030002, 0),
(270, 1, 3, 2, 23030002, 0),
(271, 1, 4, 1, 23030002, 0),
(272, 1, 4, 2, 23030002, 0),
(273, 1, 5, 1, 23030002, 0),
(274, 1, 5, 2, 23030002, 0),
(275, 1, 6, 1, 23030002, 0),
(276, 1, 6, 2, 23030002, 0),
(277, 1, 7, 1, 23030002, 0),
(278, 1, 7, 2, 23030002, 0),
(279, 1, 8, 1, 23030002, 0),
(280, 1, 8, 2, 23030002, 0),
(281, 1, 9, 1, 23030002, 0),
(282, 1, 9, 2, 23030002, 0),
(283, 1, 10, 1, 23030002, 0),
(284, 1, 10, 2, 23030002, 0),
(285, 1, 11, 1, 23030002, 0),
(286, 1, 11, 2, 23030002, 0),
(287, 1, 12, 1, 23030002, 0),
(288, 1, 12, 2, 23030002, 0),
(289, 2, 1, 1, 23030002, 0),
(290, 2, 1, 2, 23030002, 0),
(291, 2, 2, 1, 23030002, 0),
(292, 2, 2, 2, 23030002, 0),
(293, 2, 3, 1, 23030002, 0),
(294, 2, 3, 2, 23030002, 0),
(295, 2, 4, 1, 23030002, 0),
(296, 2, 4, 2, 23030002, 0),
(297, 2, 5, 1, 23030002, 0),
(298, 2, 5, 2, 23030002, 0),
(299, 2, 6, 1, 23030002, 0),
(300, 2, 6, 2, 23030002, 0),
(301, 2, 7, 1, 23030002, 0),
(302, 2, 7, 2, 23030002, 0),
(303, 2, 8, 1, 23030002, 0),
(304, 2, 8, 2, 23030002, 0),
(305, 2, 9, 1, 23030002, 0),
(306, 2, 9, 2, 23030002, 0),
(307, 2, 10, 1, 23030002, 0),
(308, 2, 10, 2, 23030002, 0),
(309, 2, 11, 1, 23030002, 0),
(310, 2, 11, 2, 23030002, 0),
(311, 2, 12, 1, 23030002, 0),
(312, 2, 12, 2, 23030002, 0),
(313, 3, 1, 1, 23030002, 0),
(314, 3, 1, 2, 23030002, 0),
(315, 3, 2, 1, 23030002, 0),
(316, 3, 2, 2, 23030002, 0),
(317, 3, 3, 1, 23030002, 0),
(318, 3, 3, 2, 23030002, 0),
(319, 3, 4, 1, 23030002, 0),
(320, 3, 4, 2, 23030002, 0),
(321, 3, 5, 1, 23030002, 0),
(322, 3, 5, 2, 23030002, 0),
(323, 3, 6, 1, 23030002, 0),
(324, 3, 6, 2, 23030002, 0),
(325, 3, 7, 1, 23030002, 0),
(326, 3, 7, 2, 23030002, 0),
(327, 3, 8, 1, 23030002, 0),
(328, 3, 8, 2, 23030002, 0),
(329, 3, 9, 1, 23030002, 0),
(330, 3, 9, 2, 23030002, 0),
(331, 3, 10, 1, 23030002, 0),
(332, 3, 10, 2, 23030002, 0),
(333, 3, 11, 1, 23030002, 0),
(334, 3, 11, 2, 23030002, 0),
(335, 3, 12, 1, 23030002, 0),
(336, 3, 12, 2, 23030002, 0),
(337, 4, 1, 1, 23030002, 0),
(338, 4, 1, 2, 23030002, 0),
(339, 4, 2, 1, 23030002, 0),
(340, 4, 2, 2, 23030002, 0),
(341, 4, 3, 1, 23030002, 0),
(342, 4, 3, 2, 23030002, 0),
(343, 4, 4, 1, 23030002, 0),
(344, 4, 4, 2, 23030002, 0),
(345, 4, 5, 1, 23030002, 0),
(346, 4, 5, 2, 23030002, 0),
(347, 4, 6, 1, 23030002, 0),
(348, 4, 6, 2, 23030002, 0),
(349, 4, 7, 1, 23030002, 0),
(350, 4, 7, 2, 23030002, 0),
(351, 4, 8, 1, 23030002, 0),
(352, 4, 8, 2, 23030002, 0),
(353, 4, 9, 1, 23030002, 0),
(354, 4, 9, 2, 23030002, 0),
(355, 4, 10, 1, 23030002, 0),
(356, 4, 10, 2, 23030002, 0),
(357, 4, 11, 1, 23030002, 0),
(358, 4, 11, 2, 23030002, 0),
(359, 4, 12, 1, 23030002, 0),
(360, 4, 12, 2, 23030002, 0),
(361, 5, 1, 1, 23030002, 0),
(362, 5, 1, 2, 23030002, 0),
(363, 5, 2, 1, 23030002, 0),
(364, 5, 2, 2, 23030002, 0),
(365, 5, 3, 1, 23030002, 0),
(366, 5, 3, 2, 23030002, 0),
(367, 5, 4, 1, 23030002, 0),
(368, 5, 4, 2, 23030002, 0),
(369, 5, 5, 1, 23030002, 0),
(370, 5, 5, 2, 23030002, 0),
(371, 5, 6, 1, 23030002, 0),
(372, 5, 6, 2, 23030002, 0),
(373, 5, 7, 1, 23030002, 0),
(374, 5, 7, 2, 23030002, 0),
(375, 5, 8, 1, 23030002, 0),
(376, 5, 8, 2, 23030002, 0),
(377, 5, 9, 1, 23030002, 0),
(378, 5, 9, 2, 23030002, 0),
(379, 5, 10, 1, 23030002, 0),
(380, 5, 10, 2, 23030002, 0),
(381, 5, 11, 1, 23030002, 0),
(382, 5, 11, 2, 23030002, 0),
(383, 5, 12, 1, 23030002, 0),
(384, 5, 12, 2, 23030002, 0),
(385, 6, 1, 1, 23030002, 0),
(386, 6, 1, 2, 23030002, 0),
(387, 6, 2, 1, 23030002, 0),
(388, 6, 2, 2, 23030002, 0),
(389, 6, 3, 1, 23030002, 0),
(390, 6, 3, 2, 23030002, 0),
(391, 6, 4, 1, 23030002, 0),
(392, 6, 4, 2, 23030002, 0),
(393, 6, 5, 1, 23030002, 0),
(394, 6, 5, 2, 23030002, 0),
(395, 6, 6, 1, 23030002, 0),
(396, 6, 6, 2, 23030002, 0),
(397, 6, 7, 1, 23030002, 0),
(398, 6, 7, 2, 23030002, 0),
(399, 6, 8, 1, 23030002, 0),
(400, 6, 8, 2, 23030002, 0),
(401, 6, 9, 1, 23030002, 0),
(402, 6, 9, 2, 23030002, 0),
(403, 6, 10, 1, 23030002, 0),
(404, 6, 10, 2, 23030002, 0),
(405, 6, 11, 1, 23030002, 0),
(406, 6, 11, 2, 23030002, 0),
(407, 6, 12, 1, 23030002, 0),
(408, 6, 12, 2, 23030002, 0),
(409, 7, 1, 1, 23030002, 0),
(410, 7, 1, 2, 23030002, 0),
(411, 7, 2, 1, 23030002, 0),
(412, 7, 2, 2, 23030002, 0),
(413, 7, 3, 1, 23030002, 0),
(414, 7, 3, 2, 23030002, 0),
(415, 7, 4, 1, 23030002, 0),
(416, 7, 4, 2, 23030002, 0),
(417, 7, 5, 1, 23030002, 0),
(418, 7, 5, 2, 23030002, 0),
(419, 7, 6, 1, 23030002, 0),
(420, 7, 6, 2, 23030002, 0),
(421, 7, 7, 1, 23030002, 0),
(422, 7, 7, 2, 23030002, 0),
(423, 7, 8, 1, 23030002, 0),
(424, 7, 8, 2, 23030002, 0),
(425, 7, 9, 1, 23030002, 0),
(426, 7, 9, 2, 23030002, 0),
(427, 7, 10, 1, 23030002, 0),
(428, 7, 10, 2, 23030002, 0),
(429, 7, 11, 1, 23030002, 0),
(430, 7, 11, 2, 23030002, 0),
(431, 7, 12, 1, 23030002, 0),
(432, 7, 12, 2, 23030002, 0),
(433, 8, 1, 1, 23030002, 0),
(434, 8, 1, 2, 23030002, 0),
(435, 8, 2, 1, 23030002, 0),
(436, 8, 2, 2, 23030002, 0),
(437, 8, 3, 1, 23030002, 0),
(438, 8, 3, 2, 23030002, 0),
(439, 8, 4, 1, 23030002, 0),
(440, 8, 4, 2, 23030002, 0),
(441, 8, 5, 1, 23030002, 0),
(442, 8, 5, 2, 23030002, 0),
(443, 8, 6, 1, 23030002, 0),
(444, 8, 6, 2, 23030002, 0),
(445, 8, 7, 1, 23030002, 0),
(446, 8, 7, 2, 23030002, 0),
(447, 8, 8, 1, 23030002, 0),
(448, 8, 8, 2, 23030002, 0),
(449, 8, 9, 1, 23030002, 0),
(450, 8, 9, 2, 23030002, 0),
(451, 8, 10, 1, 23030002, 0),
(452, 8, 10, 2, 23030002, 0),
(453, 8, 11, 1, 23030002, 0),
(454, 8, 11, 2, 23030002, 0),
(455, 8, 12, 1, 23030002, 0),
(456, 8, 12, 2, 23030002, 0),
(457, 9, 1, 1, 23030002, 0),
(458, 9, 1, 2, 23030002, 0),
(459, 9, 2, 1, 23030002, 0),
(460, 9, 2, 2, 23030002, 0),
(461, 9, 3, 1, 23030002, 0),
(462, 9, 3, 2, 23030002, 0),
(463, 9, 4, 1, 23030002, 0),
(464, 9, 4, 2, 23030002, 0),
(465, 9, 5, 1, 23030002, 0),
(466, 9, 5, 2, 23030002, 0),
(467, 9, 6, 1, 23030002, 0),
(468, 9, 6, 2, 23030002, 0),
(469, 9, 7, 1, 23030002, 0),
(470, 9, 7, 2, 23030002, 0),
(471, 9, 8, 1, 23030002, 0),
(472, 9, 8, 2, 23030002, 0),
(473, 9, 9, 1, 23030002, 0),
(474, 9, 9, 2, 23030002, 0),
(475, 9, 10, 1, 23030002, 0),
(476, 9, 10, 2, 23030002, 0),
(477, 9, 11, 1, 23030002, 0),
(478, 9, 11, 2, 23030002, 0),
(479, 9, 12, 1, 23030002, 0),
(480, 9, 12, 2, 23030002, 0),
(481, 10, 1, 1, 23030002, 0),
(482, 10, 1, 2, 23030002, 0),
(483, 10, 2, 1, 23030002, 0),
(484, 10, 2, 2, 23030002, 0),
(485, 10, 3, 1, 23030002, 0),
(486, 10, 3, 2, 23030002, 0),
(487, 10, 4, 1, 23030002, 0),
(488, 10, 4, 2, 23030002, 0),
(489, 10, 5, 1, 23030002, 0),
(490, 10, 5, 2, 23030002, 0),
(491, 10, 6, 1, 23030002, 0),
(492, 10, 6, 2, 23030002, 0),
(493, 10, 7, 1, 23030002, 0),
(494, 10, 7, 2, 23030002, 0),
(495, 10, 8, 1, 23030002, 0),
(496, 10, 8, 2, 23030002, 0),
(497, 10, 9, 1, 23030002, 0),
(498, 10, 9, 2, 23030002, 0),
(499, 10, 10, 1, 23030002, 0),
(500, 10, 10, 2, 23030002, 0),
(501, 10, 11, 1, 23030002, 0),
(502, 10, 11, 2, 23030002, 0),
(503, 10, 12, 1, 23030002, 0),
(504, 10, 12, 2, 23030002, 0),
(505, 11, 1, 1, 23030002, 0),
(506, 11, 1, 2, 23030002, 0),
(507, 11, 2, 1, 23030002, 0),
(508, 11, 2, 2, 23030002, 0),
(509, 11, 3, 1, 23030002, 0),
(510, 11, 3, 2, 23030002, 0),
(511, 11, 4, 1, 23030002, 0),
(512, 11, 4, 2, 23030002, 0),
(513, 11, 5, 1, 23030002, 0),
(514, 11, 5, 2, 23030002, 0),
(515, 11, 6, 1, 23030002, 0),
(516, 11, 6, 2, 23030002, 0),
(517, 11, 7, 1, 23030002, 0),
(518, 11, 7, 2, 23030002, 0),
(519, 11, 8, 1, 23030002, 0),
(520, 11, 8, 2, 23030002, 0),
(521, 11, 9, 1, 23030002, 0),
(522, 11, 9, 2, 23030002, 0),
(523, 11, 10, 1, 23030002, 0),
(524, 11, 10, 2, 23030002, 0),
(525, 11, 11, 1, 23030002, 0),
(526, 11, 11, 2, 23030002, 0),
(527, 11, 12, 1, 23030002, 0),
(528, 11, 12, 2, 23030002, 0),
(529, 1, 1, 1, 23030003, 0),
(530, 1, 1, 2, 23030003, 0),
(531, 1, 2, 1, 23030003, 0),
(532, 1, 2, 2, 23030003, 0),
(533, 1, 3, 1, 23030003, 0),
(534, 1, 3, 2, 23030003, 0),
(535, 1, 4, 1, 23030003, 0),
(536, 1, 4, 2, 23030003, 0),
(537, 1, 5, 1, 23030003, 0),
(538, 1, 5, 2, 23030003, 0),
(539, 1, 6, 1, 23030003, 0),
(540, 1, 6, 2, 23030003, 0),
(541, 1, 7, 1, 23030003, 0),
(542, 1, 7, 2, 23030003, 0),
(543, 1, 8, 1, 23030003, 0),
(544, 1, 8, 2, 23030003, 0),
(545, 1, 9, 1, 23030003, 0),
(546, 1, 9, 2, 23030003, 0),
(547, 1, 10, 1, 23030003, 0),
(548, 1, 10, 2, 23030003, 0),
(549, 1, 11, 1, 23030003, 0),
(550, 1, 11, 2, 23030003, 0),
(551, 1, 12, 1, 23030003, 0),
(552, 1, 12, 2, 23030003, 0),
(553, 2, 1, 1, 23030003, 0),
(554, 2, 1, 2, 23030003, 0),
(555, 2, 2, 1, 23030003, 0),
(556, 2, 2, 2, 23030003, 0),
(557, 2, 3, 1, 23030003, 0),
(558, 2, 3, 2, 23030003, 0),
(559, 2, 4, 1, 23030003, 0),
(560, 2, 4, 2, 23030003, 0),
(561, 2, 5, 1, 23030003, 0),
(562, 2, 5, 2, 23030003, 0),
(563, 2, 6, 1, 23030003, 0),
(564, 2, 6, 2, 23030003, 0),
(565, 2, 7, 1, 23030003, 0),
(566, 2, 7, 2, 23030003, 0),
(567, 2, 8, 1, 23030003, 0),
(568, 2, 8, 2, 23030003, 0),
(569, 2, 9, 1, 23030003, 0),
(570, 2, 9, 2, 23030003, 0),
(571, 2, 10, 1, 23030003, 0),
(572, 2, 10, 2, 23030003, 0),
(573, 2, 11, 1, 23030003, 0),
(574, 2, 11, 2, 23030003, 0),
(575, 2, 12, 1, 23030003, 0),
(576, 2, 12, 2, 23030003, 0),
(577, 3, 1, 1, 23030003, 0),
(578, 3, 1, 2, 23030003, 0),
(579, 3, 2, 1, 23030003, 0),
(580, 3, 2, 2, 23030003, 0),
(581, 3, 3, 1, 23030003, 0),
(582, 3, 3, 2, 23030003, 0),
(583, 3, 4, 1, 23030003, 0),
(584, 3, 4, 2, 23030003, 0),
(585, 3, 5, 1, 23030003, 0),
(586, 3, 5, 2, 23030003, 0),
(587, 3, 6, 1, 23030003, 0),
(588, 3, 6, 2, 23030003, 0),
(589, 3, 7, 1, 23030003, 0),
(590, 3, 7, 2, 23030003, 0),
(591, 3, 8, 1, 23030003, 0),
(592, 3, 8, 2, 23030003, 0),
(593, 3, 9, 1, 23030003, 0),
(594, 3, 9, 2, 23030003, 0),
(595, 3, 10, 1, 23030003, 0),
(596, 3, 10, 2, 23030003, 0),
(597, 3, 11, 1, 23030003, 0),
(598, 3, 11, 2, 23030003, 0),
(599, 3, 12, 1, 23030003, 0),
(600, 3, 12, 2, 23030003, 0),
(601, 4, 1, 1, 23030003, 0),
(602, 4, 1, 2, 23030003, 0),
(603, 4, 2, 1, 23030003, 0),
(604, 4, 2, 2, 23030003, 0),
(605, 4, 3, 1, 23030003, 0),
(606, 4, 3, 2, 23030003, 0),
(607, 4, 4, 1, 23030003, 0),
(608, 4, 4, 2, 23030003, 0),
(609, 4, 5, 1, 23030003, 0),
(610, 4, 5, 2, 23030003, 0),
(611, 4, 6, 1, 23030003, 0),
(612, 4, 6, 2, 23030003, 0),
(613, 4, 7, 1, 23030003, 0),
(614, 4, 7, 2, 23030003, 0),
(615, 4, 8, 1, 23030003, 0),
(616, 4, 8, 2, 23030003, 0),
(617, 4, 9, 1, 23030003, 0),
(618, 4, 9, 2, 23030003, 0),
(619, 4, 10, 1, 23030003, 0),
(620, 4, 10, 2, 23030003, 0),
(621, 4, 11, 1, 23030003, 0),
(622, 4, 11, 2, 23030003, 0),
(623, 4, 12, 1, 23030003, 0),
(624, 4, 12, 2, 23030003, 0),
(625, 5, 1, 1, 23030003, 0),
(626, 5, 1, 2, 23030003, 0),
(627, 5, 2, 1, 23030003, 0),
(628, 5, 2, 2, 23030003, 0),
(629, 5, 3, 1, 23030003, 0),
(630, 5, 3, 2, 23030003, 0),
(631, 5, 4, 1, 23030003, 0),
(632, 5, 4, 2, 23030003, 0),
(633, 5, 5, 1, 23030003, 0),
(634, 5, 5, 2, 23030003, 0),
(635, 5, 6, 1, 23030003, 0),
(636, 5, 6, 2, 23030003, 0),
(637, 5, 7, 1, 23030003, 0),
(638, 5, 7, 2, 23030003, 0),
(639, 5, 8, 1, 23030003, 0),
(640, 5, 8, 2, 23030003, 0),
(641, 5, 9, 1, 23030003, 0),
(642, 5, 9, 2, 23030003, 0),
(643, 5, 10, 1, 23030003, 0),
(644, 5, 10, 2, 23030003, 0),
(645, 5, 11, 1, 23030003, 0),
(646, 5, 11, 2, 23030003, 0),
(647, 5, 12, 1, 23030003, 0),
(648, 5, 12, 2, 23030003, 0),
(649, 6, 1, 1, 23030003, 0),
(650, 6, 1, 2, 23030003, 0),
(651, 6, 2, 1, 23030003, 0),
(652, 6, 2, 2, 23030003, 0),
(653, 6, 3, 1, 23030003, 0),
(654, 6, 3, 2, 23030003, 0),
(655, 6, 4, 1, 23030003, 0),
(656, 6, 4, 2, 23030003, 0),
(657, 6, 5, 1, 23030003, 0),
(658, 6, 5, 2, 23030003, 0),
(659, 6, 6, 1, 23030003, 0),
(660, 6, 6, 2, 23030003, 0),
(661, 6, 7, 1, 23030003, 0),
(662, 6, 7, 2, 23030003, 0),
(663, 6, 8, 1, 23030003, 0),
(664, 6, 8, 2, 23030003, 0),
(665, 6, 9, 1, 23030003, 0),
(666, 6, 9, 2, 23030003, 0),
(667, 6, 10, 1, 23030003, 0),
(668, 6, 10, 2, 23030003, 0),
(669, 6, 11, 1, 23030003, 0),
(670, 6, 11, 2, 23030003, 0),
(671, 6, 12, 1, 23030003, 0),
(672, 6, 12, 2, 23030003, 0),
(673, 7, 1, 1, 23030003, 0),
(674, 7, 1, 2, 23030003, 0),
(675, 7, 2, 1, 23030003, 0),
(676, 7, 2, 2, 23030003, 0),
(677, 7, 3, 1, 23030003, 0),
(678, 7, 3, 2, 23030003, 0),
(679, 7, 4, 1, 23030003, 0),
(680, 7, 4, 2, 23030003, 0),
(681, 7, 5, 1, 23030003, 0),
(682, 7, 5, 2, 23030003, 0),
(683, 7, 6, 1, 23030003, 0),
(684, 7, 6, 2, 23030003, 0),
(685, 7, 7, 1, 23030003, 0),
(686, 7, 7, 2, 23030003, 0),
(687, 7, 8, 1, 23030003, 0),
(688, 7, 8, 2, 23030003, 0),
(689, 7, 9, 1, 23030003, 0),
(690, 7, 9, 2, 23030003, 0),
(691, 7, 10, 1, 23030003, 0),
(692, 7, 10, 2, 23030003, 0),
(693, 7, 11, 1, 23030003, 0),
(694, 7, 11, 2, 23030003, 0),
(695, 7, 12, 1, 23030003, 0),
(696, 7, 12, 2, 23030003, 0),
(697, 8, 1, 1, 23030003, 0),
(698, 8, 1, 2, 23030003, 0),
(699, 8, 2, 1, 23030003, 0),
(700, 8, 2, 2, 23030003, 0),
(701, 8, 3, 1, 23030003, 0),
(702, 8, 3, 2, 23030003, 0),
(703, 8, 4, 1, 23030003, 0),
(704, 8, 4, 2, 23030003, 0),
(705, 8, 5, 1, 23030003, 0),
(706, 8, 5, 2, 23030003, 0),
(707, 8, 6, 1, 23030003, 0),
(708, 8, 6, 2, 23030003, 0),
(709, 8, 7, 1, 23030003, 0),
(710, 8, 7, 2, 23030003, 0),
(711, 8, 8, 1, 23030003, 0),
(712, 8, 8, 2, 23030003, 0),
(713, 8, 9, 1, 23030003, 0),
(714, 8, 9, 2, 23030003, 0),
(715, 8, 10, 1, 23030003, 0),
(716, 8, 10, 2, 23030003, 0),
(717, 8, 11, 1, 23030003, 0),
(718, 8, 11, 2, 23030003, 0),
(719, 8, 12, 1, 23030003, 0),
(720, 8, 12, 2, 23030003, 0),
(721, 9, 1, 1, 23030003, 0),
(722, 9, 1, 2, 23030003, 0),
(723, 9, 2, 1, 23030003, 0),
(724, 9, 2, 2, 23030003, 0),
(725, 9, 3, 1, 23030003, 0),
(726, 9, 3, 2, 23030003, 0),
(727, 9, 4, 1, 23030003, 0),
(728, 9, 4, 2, 23030003, 0),
(729, 9, 5, 1, 23030003, 0),
(730, 9, 5, 2, 23030003, 0),
(731, 9, 6, 1, 23030003, 0),
(732, 9, 6, 2, 23030003, 0),
(733, 9, 7, 1, 23030003, 0),
(734, 9, 7, 2, 23030003, 0),
(735, 9, 8, 1, 23030003, 0),
(736, 9, 8, 2, 23030003, 0),
(737, 9, 9, 1, 23030003, 0),
(738, 9, 9, 2, 23030003, 0),
(739, 9, 10, 1, 23030003, 0),
(740, 9, 10, 2, 23030003, 0),
(741, 9, 11, 1, 23030003, 0),
(742, 9, 11, 2, 23030003, 0),
(743, 9, 12, 1, 23030003, 0),
(744, 9, 12, 2, 23030003, 0),
(745, 10, 1, 1, 23030003, 0),
(746, 10, 1, 2, 23030003, 0),
(747, 10, 2, 1, 23030003, 0),
(748, 10, 2, 2, 23030003, 0),
(749, 10, 3, 1, 23030003, 0),
(750, 10, 3, 2, 23030003, 0),
(751, 10, 4, 1, 23030003, 0),
(752, 10, 4, 2, 23030003, 0),
(753, 10, 5, 1, 23030003, 0),
(754, 10, 5, 2, 23030003, 0),
(755, 10, 6, 1, 23030003, 0),
(756, 10, 6, 2, 23030003, 0),
(757, 10, 7, 1, 23030003, 0),
(758, 10, 7, 2, 23030003, 0),
(759, 10, 8, 1, 23030003, 0),
(760, 10, 8, 2, 23030003, 0),
(761, 10, 9, 1, 23030003, 0),
(762, 10, 9, 2, 23030003, 0),
(763, 10, 10, 1, 23030003, 0),
(764, 10, 10, 2, 23030003, 0),
(765, 10, 11, 1, 23030003, 0),
(766, 10, 11, 2, 23030003, 0),
(767, 10, 12, 1, 23030003, 0),
(768, 10, 12, 2, 23030003, 0),
(769, 11, 1, 1, 23030003, 0),
(770, 11, 1, 2, 23030003, 0),
(771, 11, 2, 1, 23030003, 0),
(772, 11, 2, 2, 23030003, 0),
(773, 11, 3, 1, 23030003, 0),
(774, 11, 3, 2, 23030003, 0),
(775, 11, 4, 1, 23030003, 0),
(776, 11, 4, 2, 23030003, 0),
(777, 11, 5, 1, 23030003, 0),
(778, 11, 5, 2, 23030003, 0),
(779, 11, 6, 1, 23030003, 0),
(780, 11, 6, 2, 23030003, 0),
(781, 11, 7, 1, 23030003, 0),
(782, 11, 7, 2, 23030003, 0),
(783, 11, 8, 1, 23030003, 0),
(784, 11, 8, 2, 23030003, 0),
(785, 11, 9, 1, 23030003, 0),
(786, 11, 9, 2, 23030003, 0),
(787, 11, 10, 1, 23030003, 0),
(788, 11, 10, 2, 23030003, 0),
(789, 11, 11, 1, 23030003, 0),
(790, 11, 11, 2, 23030003, 0),
(791, 11, 12, 1, 23030003, 0),
(792, 11, 12, 2, 23030003, 0),
(793, 1, 1, 1, 23030004, 0),
(794, 1, 1, 2, 23030004, 0),
(795, 1, 2, 1, 23030004, 0),
(796, 1, 2, 2, 23030004, 0),
(797, 1, 3, 1, 23030004, 0),
(798, 1, 3, 2, 23030004, 0),
(799, 1, 4, 1, 23030004, 0),
(800, 1, 4, 2, 23030004, 0),
(801, 1, 5, 1, 23030004, 0),
(802, 1, 5, 2, 23030004, 0),
(803, 1, 6, 1, 23030004, 0),
(804, 1, 6, 2, 23030004, 0),
(805, 1, 7, 1, 23030004, 0),
(806, 1, 7, 2, 23030004, 0),
(807, 1, 8, 1, 23030004, 0),
(808, 1, 8, 2, 23030004, 0),
(809, 1, 9, 1, 23030004, 0),
(810, 1, 9, 2, 23030004, 0),
(811, 1, 10, 1, 23030004, 0),
(812, 1, 10, 2, 23030004, 0),
(813, 1, 11, 1, 23030004, 0),
(814, 1, 11, 2, 23030004, 0),
(815, 1, 12, 1, 23030004, 0),
(816, 1, 12, 2, 23030004, 0),
(817, 2, 1, 1, 23030004, 0),
(818, 2, 1, 2, 23030004, 0),
(819, 2, 2, 1, 23030004, 0),
(820, 2, 2, 2, 23030004, 0),
(821, 2, 3, 1, 23030004, 0),
(822, 2, 3, 2, 23030004, 0),
(823, 2, 4, 1, 23030004, 0),
(824, 2, 4, 2, 23030004, 0),
(825, 2, 5, 1, 23030004, 0),
(826, 2, 5, 2, 23030004, 0),
(827, 2, 6, 1, 23030004, 0),
(828, 2, 6, 2, 23030004, 0),
(829, 2, 7, 1, 23030004, 0),
(830, 2, 7, 2, 23030004, 0),
(831, 2, 8, 1, 23030004, 0),
(832, 2, 8, 2, 23030004, 0),
(833, 2, 9, 1, 23030004, 0),
(834, 2, 9, 2, 23030004, 0),
(835, 2, 10, 1, 23030004, 0),
(836, 2, 10, 2, 23030004, 0),
(837, 2, 11, 1, 23030004, 0),
(838, 2, 11, 2, 23030004, 0),
(839, 2, 12, 1, 23030004, 0),
(840, 2, 12, 2, 23030004, 0),
(841, 3, 1, 1, 23030004, 0),
(842, 3, 1, 2, 23030004, 0),
(843, 3, 2, 1, 23030004, 0),
(844, 3, 2, 2, 23030004, 0),
(845, 3, 3, 1, 23030004, 0),
(846, 3, 3, 2, 23030004, 0),
(847, 3, 4, 1, 23030004, 0),
(848, 3, 4, 2, 23030004, 0),
(849, 3, 5, 1, 23030004, 0),
(850, 3, 5, 2, 23030004, 0),
(851, 3, 6, 1, 23030004, 0),
(852, 3, 6, 2, 23030004, 0),
(853, 3, 7, 1, 23030004, 0),
(854, 3, 7, 2, 23030004, 0),
(855, 3, 8, 1, 23030004, 0),
(856, 3, 8, 2, 23030004, 0),
(857, 3, 9, 1, 23030004, 0),
(858, 3, 9, 2, 23030004, 0),
(859, 3, 10, 1, 23030004, 0),
(860, 3, 10, 2, 23030004, 0),
(861, 3, 11, 1, 23030004, 0),
(862, 3, 11, 2, 23030004, 0),
(863, 3, 12, 1, 23030004, 0),
(864, 3, 12, 2, 23030004, 0),
(865, 4, 1, 1, 23030004, 0),
(866, 4, 1, 2, 23030004, 0),
(867, 4, 2, 1, 23030004, 0),
(868, 4, 2, 2, 23030004, 0),
(869, 4, 3, 1, 23030004, 0),
(870, 4, 3, 2, 23030004, 0),
(871, 4, 4, 1, 23030004, 0),
(872, 4, 4, 2, 23030004, 0),
(873, 4, 5, 1, 23030004, 0),
(874, 4, 5, 2, 23030004, 0),
(875, 4, 6, 1, 23030004, 0),
(876, 4, 6, 2, 23030004, 0),
(877, 4, 7, 1, 23030004, 0),
(878, 4, 7, 2, 23030004, 0),
(879, 4, 8, 1, 23030004, 0),
(880, 4, 8, 2, 23030004, 0),
(881, 4, 9, 1, 23030004, 0),
(882, 4, 9, 2, 23030004, 0),
(883, 4, 10, 1, 23030004, 0),
(884, 4, 10, 2, 23030004, 0),
(885, 4, 11, 1, 23030004, 0),
(886, 4, 11, 2, 23030004, 0),
(887, 4, 12, 1, 23030004, 0),
(888, 4, 12, 2, 23030004, 0),
(889, 5, 1, 1, 23030004, 0),
(890, 5, 1, 2, 23030004, 0),
(891, 5, 2, 1, 23030004, 0),
(892, 5, 2, 2, 23030004, 0),
(893, 5, 3, 1, 23030004, 0),
(894, 5, 3, 2, 23030004, 0),
(895, 5, 4, 1, 23030004, 0),
(896, 5, 4, 2, 23030004, 0),
(897, 5, 5, 1, 23030004, 0),
(898, 5, 5, 2, 23030004, 0),
(899, 5, 6, 1, 23030004, 0),
(900, 5, 6, 2, 23030004, 0),
(901, 5, 7, 1, 23030004, 0),
(902, 5, 7, 2, 23030004, 0),
(903, 5, 8, 1, 23030004, 0),
(904, 5, 8, 2, 23030004, 0),
(905, 5, 9, 1, 23030004, 0),
(906, 5, 9, 2, 23030004, 0),
(907, 5, 10, 1, 23030004, 0),
(908, 5, 10, 2, 23030004, 0),
(909, 5, 11, 1, 23030004, 0),
(910, 5, 11, 2, 23030004, 0),
(911, 5, 12, 1, 23030004, 0),
(912, 5, 12, 2, 23030004, 0),
(913, 6, 1, 1, 23030004, 0),
(914, 6, 1, 2, 23030004, 0),
(915, 6, 2, 1, 23030004, 0),
(916, 6, 2, 2, 23030004, 0),
(917, 6, 3, 1, 23030004, 0),
(918, 6, 3, 2, 23030004, 0),
(919, 6, 4, 1, 23030004, 0),
(920, 6, 4, 2, 23030004, 0),
(921, 6, 5, 1, 23030004, 0),
(922, 6, 5, 2, 23030004, 0),
(923, 6, 6, 1, 23030004, 0),
(924, 6, 6, 2, 23030004, 0),
(925, 6, 7, 1, 23030004, 0),
(926, 6, 7, 2, 23030004, 0),
(927, 6, 8, 1, 23030004, 0),
(928, 6, 8, 2, 23030004, 0),
(929, 6, 9, 1, 23030004, 0),
(930, 6, 9, 2, 23030004, 0),
(931, 6, 10, 1, 23030004, 0),
(932, 6, 10, 2, 23030004, 0),
(933, 6, 11, 1, 23030004, 0),
(934, 6, 11, 2, 23030004, 0),
(935, 6, 12, 1, 23030004, 0),
(936, 6, 12, 2, 23030004, 0),
(937, 7, 1, 1, 23030004, 0),
(938, 7, 1, 2, 23030004, 0),
(939, 7, 2, 1, 23030004, 0),
(940, 7, 2, 2, 23030004, 0),
(941, 7, 3, 1, 23030004, 0),
(942, 7, 3, 2, 23030004, 0),
(943, 7, 4, 1, 23030004, 0),
(944, 7, 4, 2, 23030004, 0),
(945, 7, 5, 1, 23030004, 0),
(946, 7, 5, 2, 23030004, 0),
(947, 7, 6, 1, 23030004, 0),
(948, 7, 6, 2, 23030004, 0),
(949, 7, 7, 1, 23030004, 0),
(950, 7, 7, 2, 23030004, 0),
(951, 7, 8, 1, 23030004, 0),
(952, 7, 8, 2, 23030004, 0),
(953, 7, 9, 1, 23030004, 0),
(954, 7, 9, 2, 23030004, 0),
(955, 7, 10, 1, 23030004, 0),
(956, 7, 10, 2, 23030004, 0),
(957, 7, 11, 1, 23030004, 0),
(958, 7, 11, 2, 23030004, 0),
(959, 7, 12, 1, 23030004, 0),
(960, 7, 12, 2, 23030004, 0),
(961, 8, 1, 1, 23030004, 0),
(962, 8, 1, 2, 23030004, 0),
(963, 8, 2, 1, 23030004, 0),
(964, 8, 2, 2, 23030004, 0),
(965, 8, 3, 1, 23030004, 0),
(966, 8, 3, 2, 23030004, 0),
(967, 8, 4, 1, 23030004, 0),
(968, 8, 4, 2, 23030004, 0),
(969, 8, 5, 1, 23030004, 0),
(970, 8, 5, 2, 23030004, 0),
(971, 8, 6, 1, 23030004, 0),
(972, 8, 6, 2, 23030004, 0),
(973, 8, 7, 1, 23030004, 0),
(974, 8, 7, 2, 23030004, 0),
(975, 8, 8, 1, 23030004, 0),
(976, 8, 8, 2, 23030004, 0),
(977, 8, 9, 1, 23030004, 0),
(978, 8, 9, 2, 23030004, 0),
(979, 8, 10, 1, 23030004, 0),
(980, 8, 10, 2, 23030004, 0),
(981, 8, 11, 1, 23030004, 0),
(982, 8, 11, 2, 23030004, 0),
(983, 8, 12, 1, 23030004, 0),
(984, 8, 12, 2, 23030004, 0),
(985, 9, 1, 1, 23030004, 0),
(986, 9, 1, 2, 23030004, 0),
(987, 9, 2, 1, 23030004, 0),
(988, 9, 2, 2, 23030004, 0),
(989, 9, 3, 1, 23030004, 0),
(990, 9, 3, 2, 23030004, 0),
(991, 9, 4, 1, 23030004, 0),
(992, 9, 4, 2, 23030004, 0),
(993, 9, 5, 1, 23030004, 0),
(994, 9, 5, 2, 23030004, 0),
(995, 9, 6, 1, 23030004, 0),
(996, 9, 6, 2, 23030004, 0),
(997, 9, 7, 1, 23030004, 0),
(998, 9, 7, 2, 23030004, 0),
(999, 9, 8, 1, 23030004, 0),
(1000, 9, 8, 2, 23030004, 0),
(1001, 9, 9, 1, 23030004, 0),
(1002, 9, 9, 2, 23030004, 0),
(1003, 9, 10, 1, 23030004, 0),
(1004, 9, 10, 2, 23030004, 0),
(1005, 9, 11, 1, 23030004, 0),
(1006, 9, 11, 2, 23030004, 0),
(1007, 9, 12, 1, 23030004, 0),
(1008, 9, 12, 2, 23030004, 0),
(1009, 10, 1, 1, 23030004, 0),
(1010, 10, 1, 2, 23030004, 0),
(1011, 10, 2, 1, 23030004, 0),
(1012, 10, 2, 2, 23030004, 0),
(1013, 10, 3, 1, 23030004, 0),
(1014, 10, 3, 2, 23030004, 0),
(1015, 10, 4, 1, 23030004, 0),
(1016, 10, 4, 2, 23030004, 0),
(1017, 10, 5, 1, 23030004, 0),
(1018, 10, 5, 2, 23030004, 0),
(1019, 10, 6, 1, 23030004, 0),
(1020, 10, 6, 2, 23030004, 0),
(1021, 10, 7, 1, 23030004, 0),
(1022, 10, 7, 2, 23030004, 0),
(1023, 10, 8, 1, 23030004, 0),
(1024, 10, 8, 2, 23030004, 0),
(1025, 10, 9, 1, 23030004, 0),
(1026, 10, 9, 2, 23030004, 0),
(1027, 10, 10, 1, 23030004, 0),
(1028, 10, 10, 2, 23030004, 0),
(1029, 10, 11, 1, 23030004, 0),
(1030, 10, 11, 2, 23030004, 0),
(1031, 10, 12, 1, 23030004, 0),
(1032, 10, 12, 2, 23030004, 0),
(1033, 11, 1, 1, 23030004, 0),
(1034, 11, 1, 2, 23030004, 0),
(1035, 11, 2, 1, 23030004, 0),
(1036, 11, 2, 2, 23030004, 0),
(1037, 11, 3, 1, 23030004, 0),
(1038, 11, 3, 2, 23030004, 0),
(1039, 11, 4, 1, 23030004, 0),
(1040, 11, 4, 2, 23030004, 0),
(1041, 11, 5, 1, 23030004, 0),
(1042, 11, 5, 2, 23030004, 0),
(1043, 11, 6, 1, 23030004, 0),
(1044, 11, 6, 2, 23030004, 0),
(1045, 11, 7, 1, 23030004, 0),
(1046, 11, 7, 2, 23030004, 0),
(1047, 11, 8, 1, 23030004, 0),
(1048, 11, 8, 2, 23030004, 0),
(1049, 11, 9, 1, 23030004, 0),
(1050, 11, 9, 2, 23030004, 0),
(1051, 11, 10, 1, 23030004, 0),
(1052, 11, 10, 2, 23030004, 0),
(1053, 11, 11, 1, 23030004, 0),
(1054, 11, 11, 2, 23030004, 0),
(1055, 11, 12, 1, 23030004, 0),
(1056, 11, 12, 2, 23030004, 0),
(1057, 1, 1, 1, 23030005, 0),
(1058, 1, 1, 2, 23030005, 0),
(1059, 1, 2, 1, 23030005, 0),
(1060, 1, 2, 2, 23030005, 0),
(1061, 1, 3, 1, 23030005, 0),
(1062, 1, 3, 2, 23030005, 0),
(1063, 1, 4, 1, 23030005, 0),
(1064, 1, 4, 2, 23030005, 0),
(1065, 1, 5, 1, 23030005, 0),
(1066, 1, 5, 2, 23030005, 0),
(1067, 1, 6, 1, 23030005, 0),
(1068, 1, 6, 2, 23030005, 0),
(1069, 1, 7, 1, 23030005, 0),
(1070, 1, 7, 2, 23030005, 0),
(1071, 1, 8, 1, 23030005, 0),
(1072, 1, 8, 2, 23030005, 0),
(1073, 1, 9, 1, 23030005, 0),
(1074, 1, 9, 2, 23030005, 0),
(1075, 1, 10, 1, 23030005, 0),
(1076, 1, 10, 2, 23030005, 0),
(1077, 1, 11, 1, 23030005, 0),
(1078, 1, 11, 2, 23030005, 0),
(1079, 1, 12, 1, 23030005, 0),
(1080, 1, 12, 2, 23030005, 0),
(1081, 2, 1, 1, 23030005, 0),
(1082, 2, 1, 2, 23030005, 0),
(1083, 2, 2, 1, 23030005, 0),
(1084, 2, 2, 2, 23030005, 0),
(1085, 2, 3, 1, 23030005, 0),
(1086, 2, 3, 2, 23030005, 0),
(1087, 2, 4, 1, 23030005, 0),
(1088, 2, 4, 2, 23030005, 0),
(1089, 2, 5, 1, 23030005, 0),
(1090, 2, 5, 2, 23030005, 0),
(1091, 2, 6, 1, 23030005, 0),
(1092, 2, 6, 2, 23030005, 0),
(1093, 2, 7, 1, 23030005, 0),
(1094, 2, 7, 2, 23030005, 0),
(1095, 2, 8, 1, 23030005, 0),
(1096, 2, 8, 2, 23030005, 0),
(1097, 2, 9, 1, 23030005, 0),
(1098, 2, 9, 2, 23030005, 0),
(1099, 2, 10, 1, 23030005, 0),
(1100, 2, 10, 2, 23030005, 0),
(1101, 2, 11, 1, 23030005, 0),
(1102, 2, 11, 2, 23030005, 0),
(1103, 2, 12, 1, 23030005, 0),
(1104, 2, 12, 2, 23030005, 0),
(1105, 3, 1, 1, 23030005, 0),
(1106, 3, 1, 2, 23030005, 0),
(1107, 3, 2, 1, 23030005, 0),
(1108, 3, 2, 2, 23030005, 0),
(1109, 3, 3, 1, 23030005, 0),
(1110, 3, 3, 2, 23030005, 0),
(1111, 3, 4, 1, 23030005, 0),
(1112, 3, 4, 2, 23030005, 0),
(1113, 3, 5, 1, 23030005, 0),
(1114, 3, 5, 2, 23030005, 0),
(1115, 3, 6, 1, 23030005, 0),
(1116, 3, 6, 2, 23030005, 0),
(1117, 3, 7, 1, 23030005, 0),
(1118, 3, 7, 2, 23030005, 0),
(1119, 3, 8, 1, 23030005, 0),
(1120, 3, 8, 2, 23030005, 0),
(1121, 3, 9, 1, 23030005, 0),
(1122, 3, 9, 2, 23030005, 0),
(1123, 3, 10, 1, 23030005, 0),
(1124, 3, 10, 2, 23030005, 0),
(1125, 3, 11, 1, 23030005, 0),
(1126, 3, 11, 2, 23030005, 0),
(1127, 3, 12, 1, 23030005, 0),
(1128, 3, 12, 2, 23030005, 0),
(1129, 4, 1, 1, 23030005, 0),
(1130, 4, 1, 2, 23030005, 0),
(1131, 4, 2, 1, 23030005, 0),
(1132, 4, 2, 2, 23030005, 0),
(1133, 4, 3, 1, 23030005, 0),
(1134, 4, 3, 2, 23030005, 0),
(1135, 4, 4, 1, 23030005, 0),
(1136, 4, 4, 2, 23030005, 0),
(1137, 4, 5, 1, 23030005, 0),
(1138, 4, 5, 2, 23030005, 0),
(1139, 4, 6, 1, 23030005, 0),
(1140, 4, 6, 2, 23030005, 0),
(1141, 4, 7, 1, 23030005, 0),
(1142, 4, 7, 2, 23030005, 0),
(1143, 4, 8, 1, 23030005, 0),
(1144, 4, 8, 2, 23030005, 0),
(1145, 4, 9, 1, 23030005, 0),
(1146, 4, 9, 2, 23030005, 0),
(1147, 4, 10, 1, 23030005, 0),
(1148, 4, 10, 2, 23030005, 0),
(1149, 4, 11, 1, 23030005, 0),
(1150, 4, 11, 2, 23030005, 0),
(1151, 4, 12, 1, 23030005, 0),
(1152, 4, 12, 2, 23030005, 0),
(1153, 5, 1, 1, 23030005, 0),
(1154, 5, 1, 2, 23030005, 0),
(1155, 5, 2, 1, 23030005, 0),
(1156, 5, 2, 2, 23030005, 0),
(1157, 5, 3, 1, 23030005, 0),
(1158, 5, 3, 2, 23030005, 0),
(1159, 5, 4, 1, 23030005, 0),
(1160, 5, 4, 2, 23030005, 0),
(1161, 5, 5, 1, 23030005, 0),
(1162, 5, 5, 2, 23030005, 0),
(1163, 5, 6, 1, 23030005, 0),
(1164, 5, 6, 2, 23030005, 0),
(1165, 5, 7, 1, 23030005, 0),
(1166, 5, 7, 2, 23030005, 0),
(1167, 5, 8, 1, 23030005, 0),
(1168, 5, 8, 2, 23030005, 0),
(1169, 5, 9, 1, 23030005, 0),
(1170, 5, 9, 2, 23030005, 0),
(1171, 5, 10, 1, 23030005, 0),
(1172, 5, 10, 2, 23030005, 0),
(1173, 5, 11, 1, 23030005, 0),
(1174, 5, 11, 2, 23030005, 0),
(1175, 5, 12, 1, 23030005, 0),
(1176, 5, 12, 2, 23030005, 0),
(1177, 6, 1, 1, 23030005, 0),
(1178, 6, 1, 2, 23030005, 0),
(1179, 6, 2, 1, 23030005, 0),
(1180, 6, 2, 2, 23030005, 0),
(1181, 6, 3, 1, 23030005, 0),
(1182, 6, 3, 2, 23030005, 0),
(1183, 6, 4, 1, 23030005, 0),
(1184, 6, 4, 2, 23030005, 0),
(1185, 6, 5, 1, 23030005, 0),
(1186, 6, 5, 2, 23030005, 0),
(1187, 6, 6, 1, 23030005, 0),
(1188, 6, 6, 2, 23030005, 0),
(1189, 6, 7, 1, 23030005, 0),
(1190, 6, 7, 2, 23030005, 0),
(1191, 6, 8, 1, 23030005, 0),
(1192, 6, 8, 2, 23030005, 0),
(1193, 6, 9, 1, 23030005, 0),
(1194, 6, 9, 2, 23030005, 0),
(1195, 6, 10, 1, 23030005, 0),
(1196, 6, 10, 2, 23030005, 0),
(1197, 6, 11, 1, 23030005, 0),
(1198, 6, 11, 2, 23030005, 0),
(1199, 6, 12, 1, 23030005, 0),
(1200, 6, 12, 2, 23030005, 0),
(1201, 7, 1, 1, 23030005, 0),
(1202, 7, 1, 2, 23030005, 0),
(1203, 7, 2, 1, 23030005, 0),
(1204, 7, 2, 2, 23030005, 0),
(1205, 7, 3, 1, 23030005, 0),
(1206, 7, 3, 2, 23030005, 0),
(1207, 7, 4, 1, 23030005, 0),
(1208, 7, 4, 2, 23030005, 0),
(1209, 7, 5, 1, 23030005, 0),
(1210, 7, 5, 2, 23030005, 0),
(1211, 7, 6, 1, 23030005, 0),
(1212, 7, 6, 2, 23030005, 0),
(1213, 7, 7, 1, 23030005, 0),
(1214, 7, 7, 2, 23030005, 0),
(1215, 7, 8, 1, 23030005, 0),
(1216, 7, 8, 2, 23030005, 0),
(1217, 7, 9, 1, 23030005, 0),
(1218, 7, 9, 2, 23030005, 0),
(1219, 7, 10, 1, 23030005, 0),
(1220, 7, 10, 2, 23030005, 0),
(1221, 7, 11, 1, 23030005, 0),
(1222, 7, 11, 2, 23030005, 0),
(1223, 7, 12, 1, 23030005, 0),
(1224, 7, 12, 2, 23030005, 0),
(1225, 8, 1, 1, 23030005, 0),
(1226, 8, 1, 2, 23030005, 0),
(1227, 8, 2, 1, 23030005, 0),
(1228, 8, 2, 2, 23030005, 0),
(1229, 8, 3, 1, 23030005, 0),
(1230, 8, 3, 2, 23030005, 0),
(1231, 8, 4, 1, 23030005, 0),
(1232, 8, 4, 2, 23030005, 0),
(1233, 8, 5, 1, 23030005, 0),
(1234, 8, 5, 2, 23030005, 0),
(1235, 8, 6, 1, 23030005, 0),
(1236, 8, 6, 2, 23030005, 0),
(1237, 8, 7, 1, 23030005, 0),
(1238, 8, 7, 2, 23030005, 0),
(1239, 8, 8, 1, 23030005, 0),
(1240, 8, 8, 2, 23030005, 0),
(1241, 8, 9, 1, 23030005, 0),
(1242, 8, 9, 2, 23030005, 0),
(1243, 8, 10, 1, 23030005, 0),
(1244, 8, 10, 2, 23030005, 0),
(1245, 8, 11, 1, 23030005, 0),
(1246, 8, 11, 2, 23030005, 0),
(1247, 8, 12, 1, 23030005, 0),
(1248, 8, 12, 2, 23030005, 0),
(1249, 9, 1, 1, 23030005, 0),
(1250, 9, 1, 2, 23030005, 0),
(1251, 9, 2, 1, 23030005, 0),
(1252, 9, 2, 2, 23030005, 0),
(1253, 9, 3, 1, 23030005, 0),
(1254, 9, 3, 2, 23030005, 0),
(1255, 9, 4, 1, 23030005, 0),
(1256, 9, 4, 2, 23030005, 0),
(1257, 9, 5, 1, 23030005, 0),
(1258, 9, 5, 2, 23030005, 0),
(1259, 9, 6, 1, 23030005, 0),
(1260, 9, 6, 2, 23030005, 0),
(1261, 9, 7, 1, 23030005, 0),
(1262, 9, 7, 2, 23030005, 0),
(1263, 9, 8, 1, 23030005, 0),
(1264, 9, 8, 2, 23030005, 0),
(1265, 9, 9, 1, 23030005, 0),
(1266, 9, 9, 2, 23030005, 0),
(1267, 9, 10, 1, 23030005, 0),
(1268, 9, 10, 2, 23030005, 0),
(1269, 9, 11, 1, 23030005, 0),
(1270, 9, 11, 2, 23030005, 0),
(1271, 9, 12, 1, 23030005, 0),
(1272, 9, 12, 2, 23030005, 0),
(1273, 10, 1, 1, 23030005, 0),
(1274, 10, 1, 2, 23030005, 0),
(1275, 10, 2, 1, 23030005, 0),
(1276, 10, 2, 2, 23030005, 0),
(1277, 10, 3, 1, 23030005, 0),
(1278, 10, 3, 2, 23030005, 0),
(1279, 10, 4, 1, 23030005, 0),
(1280, 10, 4, 2, 23030005, 0),
(1281, 10, 5, 1, 23030005, 0),
(1282, 10, 5, 2, 23030005, 0),
(1283, 10, 6, 1, 23030005, 0),
(1284, 10, 6, 2, 23030005, 0),
(1285, 10, 7, 1, 23030005, 0),
(1286, 10, 7, 2, 23030005, 0),
(1287, 10, 8, 1, 23030005, 0),
(1288, 10, 8, 2, 23030005, 0),
(1289, 10, 9, 1, 23030005, 0),
(1290, 10, 9, 2, 23030005, 0),
(1291, 10, 10, 1, 23030005, 0),
(1292, 10, 10, 2, 23030005, 0),
(1293, 10, 11, 1, 23030005, 0),
(1294, 10, 11, 2, 23030005, 0),
(1295, 10, 12, 1, 23030005, 0),
(1296, 10, 12, 2, 23030005, 0),
(1297, 11, 1, 1, 23030005, 0),
(1298, 11, 1, 2, 23030005, 0),
(1299, 11, 2, 1, 23030005, 0),
(1300, 11, 2, 2, 23030005, 0),
(1301, 11, 3, 1, 23030005, 0),
(1302, 11, 3, 2, 23030005, 0),
(1303, 11, 4, 1, 23030005, 0),
(1304, 11, 4, 2, 23030005, 0),
(1305, 11, 5, 1, 23030005, 0),
(1306, 11, 5, 2, 23030005, 0),
(1307, 11, 6, 1, 23030005, 0),
(1308, 11, 6, 2, 23030005, 0),
(1309, 11, 7, 1, 23030005, 0),
(1310, 11, 7, 2, 23030005, 0),
(1311, 11, 8, 1, 23030005, 0),
(1312, 11, 8, 2, 23030005, 0),
(1313, 11, 9, 1, 23030005, 0),
(1314, 11, 9, 2, 23030005, 0),
(1315, 11, 10, 1, 23030005, 0),
(1316, 11, 10, 2, 23030005, 0),
(1317, 11, 11, 1, 23030005, 0),
(1318, 11, 11, 2, 23030005, 0),
(1319, 11, 12, 1, 23030005, 0),
(1320, 11, 12, 2, 23030005, 0);

-- --------------------------------------------------------

--
-- Table structure for table `tb_ortu`
--

CREATE TABLE `tb_ortu` (
  `nis` int NOT NULL,
  `username` varchar(50) NOT NULL,
  `password` varchar(250) NOT NULL,
  `nama` varchar(25) NOT NULL
) ENGINE=InnoDB DEFAULT CHARSET=utf8mb4 COLLATE=utf8mb4_0900_ai_ci;

--
-- Dumping data for table `tb_ortu`
--

INSERT INTO `tb_ortu` (`nis`, `username`, `password`, `nama`) VALUES
(22548568, 'erik', '25d55ad283aa400af464c76d713c07ad', 'Erik'),
(236401001, 'lala', '25d55ad283aa400af464c76d713c07ad', 'Rere');

-- --------------------------------------------------------

--
-- Table structure for table `tb_prestasi`
--

CREATE TABLE `tb_prestasi` (
  `id` int NOT NULL,
  `nis` int NOT NULL,
  `semester` int NOT NULL,
  `prestasi1` varchar(50) NOT NULL,
  `prestasi2` varchar(50) NOT NULL,
  `prestasi3` varchar(50) NOT NULL,
  `keterangan1` varchar(50) NOT NULL,
  `keterangan2` varchar(50) NOT NULL,
  `keterangan3` varchar(50) NOT NULL
) ENGINE=InnoDB DEFAULT CHARSET=utf8mb4 COLLATE=utf8mb4_0900_ai_ci;

--
-- Dumping data for table `tb_prestasi`
--

INSERT INTO `tb_prestasi` (`id`, `nis`, `semester`, `prestasi1`, `prestasi2`, `prestasi3`, `keterangan1`, `keterangan2`, `keterangan3`) VALUES
(43, 23030001, 1, '-', '-', '-', '-', '-', '-'),
(44, 23030001, 2, '-', '-', '-', '-', '-', '-'),
(45, 23030002, 1, '-', '-', '-', '-', '-', '-'),
(46, 23030002, 2, '-', '-', '-', '-', '-', '-'),
(47, 23030003, 1, '-', '-', '-', '-', '-', '-'),
(48, 23030003, 2, '-', '-', '-', '-', '-', '-'),
(49, 23030004, 1, '-', '-', '-', '-', '-', '-'),
(50, 23030004, 2, '-', '-', '-', '-', '-', '-'),
(51, 23030005, 1, '-', '-', '-', '-', '-', '-'),
(52, 23030005, 2, '-', '-', '-', '-', '-', '-');

-- --------------------------------------------------------

--
-- Table structure for table `tb_ps`
--

CREATE TABLE `tb_ps` (
  `id_ps` int NOT NULL,
  `id_rombel` int NOT NULL,
  `nama_ps` varchar(50) NOT NULL,
  `username` varchar(50) NOT NULL,
  `password` varchar(250) NOT NULL
) ENGINE=InnoDB DEFAULT CHARSET=utf8mb4 COLLATE=utf8mb4_0900_ai_ci;

--
-- Dumping data for table `tb_ps`
--

INSERT INTO `tb_ps` (`id_ps`, `id_rombel`, `nama_ps`, `username`, `password`) VALUES
(7, 1, 'tes123', 'tes', '25d55ad283aa400af464c76d713c07ad');

-- --------------------------------------------------------

--
-- Table structure for table `tb_rayon`
--

CREATE TABLE `tb_rayon` (
  `id_rayon` int NOT NULL,
  `rayon` varchar(50) NOT NULL
) ENGINE=InnoDB DEFAULT CHARSET=utf8mb4 COLLATE=utf8mb4_0900_ai_ci;

--
-- Dumping data for table `tb_rayon`
--

INSERT INTO `tb_rayon` (`id_rayon`, `rayon`) VALUES
(1, 'Cisarua 1'),
(2, 'Cisarua 2'),
(3, 'Cisarua 3'),
(4, 'Cisarua 4'),
(5, 'Cibedug 1'),
(6, 'Cibedug 2'),
(7, 'Cibedug 3');

-- --------------------------------------------------------

--
-- Table structure for table `tb_rombel`
--

CREATE TABLE `tb_rombel` (
  `id_rombel` int NOT NULL,
  `rombel` varchar(50) NOT NULL
) ENGINE=InnoDB DEFAULT CHARSET=utf8mb4 COLLATE=utf8mb4_0900_ai_ci;

--
-- Dumping data for table `tb_rombel`
--

INSERT INTO `tb_rombel` (`id_rombel`, `rombel`) VALUES
(1, 'TKJ X - 1'),
(2, 'TKJ X - 2'),
(3, 'TKR X - 1'),
(4, 'TKR X - 2'),
(5, 'PBS X - 1'),
(6, 'PBS X - 2'),
(7, 'AK X - 1'),
(9, 'AK X - 2');

-- --------------------------------------------------------

--
-- Table structure for table `tb_semester`
--

CREATE TABLE `tb_semester` (
  `id_semester` int NOT NULL,
  `semester` int NOT NULL
) ENGINE=InnoDB DEFAULT CHARSET=utf8mb4 COLLATE=utf8mb4_0900_ai_ci;

--
-- Dumping data for table `tb_semester`
--

INSERT INTO `tb_semester` (`id_semester`, `semester`) VALUES
(1, 1),
(2, 2);

-- --------------------------------------------------------

--
-- Table structure for table `tb_siswa`
--

CREATE TABLE `tb_siswa` (
  `nis` int NOT NULL,
  `id_rombel` int NOT NULL,
  `nama` varchar(50) NOT NULL,
  `username` varchar(50) NOT NULL,
  `password` varchar(250) NOT NULL
) ENGINE=InnoDB DEFAULT CHARSET=utf8mb4 COLLATE=utf8mb4_0900_ai_ci;

--
-- Dumping data for table `tb_siswa`
--

INSERT INTO `tb_siswa` (`nis`, `id_rombel`, `nama`, `username`, `password`) VALUES
(23030001, 1, 'Ahmad Sanjaya', '23030001', '25d55ad283aa400af464c76d713c07ad'),
(23030002, 2, 'Edi', '23030002', '220466675e31b9d20c051d5e57974150'),
(23030003, 3, 'Yanto', '23030003', '220466675e31b9d20c051d5e57974150'),
(23030004, 4, 'Herman', '23030004', '220466675e31b9d20c051d5e57974150'),
(23030005, 5, 'Siska', '23030005', '220466675e31b9d20c051d5e57974150');

-- --------------------------------------------------------

--
-- Table structure for table `tb_tahun_ajaran`
--

CREATE TABLE `tb_tahun_ajaran` (
  `id_ta` int NOT NULL,
  `tahun_ajaran` varchar(55) NOT NULL
) ENGINE=InnoDB DEFAULT CHARSET=utf8mb4 COLLATE=utf8mb4_0900_ai_ci;

--
-- Dumping data for table `tb_tahun_ajaran`
--

INSERT INTO `tb_tahun_ajaran` (`id_ta`, `tahun_ajaran`) VALUES
(1, '2022-2023'),
(2, '2023-2024'),
(3, '2024-2025'),
(4, '2025-2026');

-- --------------------------------------------------------

--
-- Table structure for table `tb_tu`
--

CREATE TABLE `tb_tu` (
  `id_tu` int NOT NULL,
  `username` varchar(50) NOT NULL,
  `password` varchar(250) NOT NULL,
  `nama` varchar(50) DEFAULT NULL
) ENGINE=InnoDB DEFAULT CHARSET=utf8mb4 COLLATE=utf8mb4_0900_ai_ci;

--
-- Dumping data for table `tb_tu`
--

INSERT INTO `tb_tu` (`id_tu`, `username`, `password`, `nama`) VALUES
(1, 'tu', '25d55ad283aa400af464c76d713c07ad', 'Ikbal'),
(2, 'reza', '25d55ad283aa400af464c76d713c07ad', 'reza');

-- --------------------------------------------------------

--
-- Table structure for table `tb_upd`
--

CREATE TABLE `tb_upd` (
  `id` int NOT NULL,
  `nis` int NOT NULL,
  `semester` int NOT NULL,
  `upd1` varchar(50) NOT NULL,
  `upd2` varchar(50) NOT NULL,
  `nilai1` varchar(1) NOT NULL,
  `nilai2` varchar(1) NOT NULL
) ENGINE=InnoDB DEFAULT CHARSET=utf8mb4 COLLATE=utf8mb4_0900_ai_ci;

--
-- Dumping data for table `tb_upd`
--

INSERT INTO `tb_upd` (`id`, `nis`, `semester`, `upd1`, `upd2`, `nilai1`, `nilai2`) VALUES
(42, 236401011, 2, '-', '-', '-', '-'),
(43, 236401012, 1, '-', '-', '-', '-'),
(44, 236401012, 2, '-', '-', '-', '-'),
(45, 236401012, 1, '-', '-', '-', '-'),
(46, 236401012, 2, '-', '-', '-', '-'),
(47, 236401012, 1, '-', '-', '-', '-'),
(48, 236401012, 2, '-', '-', '-', '-'),
(49, 43677654, 1, '-', '-', '-', '-'),
(50, 43677654, 2, '-', '-', '-', '-'),
(51, 99999999, 1, '-', '-', '-', '-'),
(52, 99999999, 2, '-', '-', '-', '-'),
(53, 9090909, 1, '-', '-', '-', '-'),
(54, 9090909, 2, '-', '-', '-', '-'),
(55, 78787878, 1, '-', '-', '-', '-'),
(56, 78787878, 2, '-', '-', '-', '-'),
(57, 17939774, 1, '-', '-', '-', '-'),
(58, 17939774, 2, '-', '-', '-', '-'),
(59, 23030001, 1, '-', '-', '-', '-'),
(60, 23030001, 2, '-', '-', '-', '-'),
(61, 23030002, 1, '-', '-', '-', '-'),
(62, 23030002, 2, '-', '-', '-', '-'),
(63, 23030003, 1, '-', '-', '-', '-'),
(64, 23030003, 2, '-', '-', '-', '-'),
(65, 23030004, 1, '-', '-', '-', '-'),
(66, 23030004, 2, '-', '-', '-', '-'),
(67, 23030005, 1, '-', '-', '-', '-'),
(68, 23030005, 2, '-', '-', '-', '-');

--
-- Indexes for dumped tables
--

--
-- Indexes for table `tb_absensi`
--
ALTER TABLE `tb_absensi`
  ADD PRIMARY KEY (`id`);

--
-- Indexes for table `tb_guru_mapel`
--
ALTER TABLE `tb_guru_mapel`
  ADD PRIMARY KEY (`id_guru_mapel`);

--
-- Indexes for table `tb_jenis`
--
ALTER TABLE `tb_jenis`
  ADD PRIMARY KEY (`id_jenis`);

--
-- Indexes for table `tb_jenisupd`
--
ALTER TABLE `tb_jenisupd`
  ADD PRIMARY KEY (`id_upd`);

--
-- Indexes for table `tb_jenpel`
--
ALTER TABLE `tb_jenpel`
  ADD PRIMARY KEY (`id_jenpel`);

--
-- Indexes for table `tb_kategori`
--
ALTER TABLE `tb_kategori`
  ADD PRIMARY KEY (`id_kategori`);

--
-- Indexes for table `tb_kepsek`
--
ALTER TABLE `tb_kepsek`
  ADD PRIMARY KEY (`id_kepsek`);

--
-- Indexes for table `tb_mapel`
--
ALTER TABLE `tb_mapel`
  ADD PRIMARY KEY (`id_mapel`);

--
-- Indexes for table `tb_nilai`
--
ALTER TABLE `tb_nilai`
  ADD PRIMARY KEY (`id`);

--
-- Indexes for table `tb_ortu`
--
ALTER TABLE `tb_ortu`
  ADD PRIMARY KEY (`nis`);

--
-- Indexes for table `tb_prestasi`
--
ALTER TABLE `tb_prestasi`
  ADD PRIMARY KEY (`id`);

--
-- Indexes for table `tb_ps`
--
ALTER TABLE `tb_ps`
  ADD PRIMARY KEY (`id_ps`);

--
-- Indexes for table `tb_rayon`
--
ALTER TABLE `tb_rayon`
  ADD PRIMARY KEY (`id_rayon`);

--
-- Indexes for table `tb_rombel`
--
ALTER TABLE `tb_rombel`
  ADD PRIMARY KEY (`id_rombel`);

--
-- Indexes for table `tb_semester`
--
ALTER TABLE `tb_semester`
  ADD PRIMARY KEY (`id_semester`);

--
-- Indexes for table `tb_siswa`
--
ALTER TABLE `tb_siswa`
  ADD PRIMARY KEY (`nis`);

--
-- Indexes for table `tb_tahun_ajaran`
--
ALTER TABLE `tb_tahun_ajaran`
  ADD PRIMARY KEY (`id_ta`);

--
-- Indexes for table `tb_tu`
--
ALTER TABLE `tb_tu`
  ADD PRIMARY KEY (`id_tu`);

--
-- Indexes for table `tb_upd`
--
ALTER TABLE `tb_upd`
  ADD PRIMARY KEY (`id`);

--
-- AUTO_INCREMENT for dumped tables
--

--
-- AUTO_INCREMENT for table `tb_absensi`
--
ALTER TABLE `tb_absensi`
  MODIFY `id` int NOT NULL AUTO_INCREMENT, AUTO_INCREMENT=59;

--
-- AUTO_INCREMENT for table `tb_guru_mapel`
--
ALTER TABLE `tb_guru_mapel`
  MODIFY `id_guru_mapel` int NOT NULL AUTO_INCREMENT, AUTO_INCREMENT=32;

--
-- AUTO_INCREMENT for table `tb_jenis`
--
ALTER TABLE `tb_jenis`
  MODIFY `id_jenis` int NOT NULL AUTO_INCREMENT, AUTO_INCREMENT=13;

--
-- AUTO_INCREMENT for table `tb_jenisupd`
--
ALTER TABLE `tb_jenisupd`
  MODIFY `id_upd` int NOT NULL AUTO_INCREMENT, AUTO_INCREMENT=6;

--
-- AUTO_INCREMENT for table `tb_jenpel`
--
ALTER TABLE `tb_jenpel`
  MODIFY `id_jenpel` int NOT NULL AUTO_INCREMENT, AUTO_INCREMENT=4;

--
-- AUTO_INCREMENT for table `tb_kategori`
--
ALTER TABLE `tb_kategori`
  MODIFY `id_kategori` int NOT NULL AUTO_INCREMENT, AUTO_INCREMENT=3;

--
-- AUTO_INCREMENT for table `tb_kepsek`
--
ALTER TABLE `tb_kepsek`
  MODIFY `id_kepsek` int NOT NULL AUTO_INCREMENT, AUTO_INCREMENT=2;

--
-- AUTO_INCREMENT for table `tb_mapel`
--
ALTER TABLE `tb_mapel`
  MODIFY `id_mapel` int NOT NULL AUTO_INCREMENT, AUTO_INCREMENT=12;

--
-- AUTO_INCREMENT for table `tb_nilai`
--
ALTER TABLE `tb_nilai`
  MODIFY `id` int NOT NULL AUTO_INCREMENT, AUTO_INCREMENT=1321;

--
-- AUTO_INCREMENT for table `tb_prestasi`
--
ALTER TABLE `tb_prestasi`
  MODIFY `id` int NOT NULL AUTO_INCREMENT, AUTO_INCREMENT=53;

--
-- AUTO_INCREMENT for table `tb_ps`
--
ALTER TABLE `tb_ps`
  MODIFY `id_ps` int NOT NULL AUTO_INCREMENT, AUTO_INCREMENT=8;

--
-- AUTO_INCREMENT for table `tb_rayon`
--
ALTER TABLE `tb_rayon`
  MODIFY `id_rayon` int NOT NULL AUTO_INCREMENT, AUTO_INCREMENT=8;

--
-- AUTO_INCREMENT for table `tb_rombel`
--
ALTER TABLE `tb_rombel`
  MODIFY `id_rombel` int NOT NULL AUTO_INCREMENT, AUTO_INCREMENT=10;

--
-- AUTO_INCREMENT for table `tb_semester`
--
ALTER TABLE `tb_semester`
  MODIFY `id_semester` int NOT NULL AUTO_INCREMENT, AUTO_INCREMENT=6;

--
-- AUTO_INCREMENT for table `tb_tahun_ajaran`
--
ALTER TABLE `tb_tahun_ajaran`
  MODIFY `id_ta` int NOT NULL AUTO_INCREMENT, AUTO_INCREMENT=5;

--
-- AUTO_INCREMENT for table `tb_tu`
--
ALTER TABLE `tb_tu`
  MODIFY `id_tu` int NOT NULL AUTO_INCREMENT, AUTO_INCREMENT=3;

--
-- AUTO_INCREMENT for table `tb_upd`
--
ALTER TABLE `tb_upd`
  MODIFY `id` int NOT NULL AUTO_INCREMENT, AUTO_INCREMENT=69;
COMMIT;

/*!40101 SET CHARACTER_SET_CLIENT=@OLD_CHARACTER_SET_CLIENT */;
/*!40101 SET CHARACTER_SET_RESULTS=@OLD_CHARACTER_SET_RESULTS */;
/*!40101 SET COLLATION_CONNECTION=@OLD_COLLATION_CONNECTION */;
